<?xml version="1.0" encoding="UTF-8"?>
<beans xmlns="http://www.springframework.org/schema/beans"
	xmlns:xsi="http://www.w3.org/2001/XMLSchema-instance" xmlns:context="http://www.springframework.org/schema/context"
	xsi:schemaLocation="http://www.springframework.org/schema/beans http://www.springframework.org/schema/beans/spring-beans.xsd
		http://www.springframework.org/schema/context http://www.springframework.org/schema/context/spring-context-4.3.xsd">
	<bean id="emp" class="com.cg.demo.labB.Employee" autowire="byType">
	<property name="employeeId" value="101"></property>
	<property name="employeeName" value="Manideep"></property>
	<property name="salary" value="60000"></property>
	<property name="age" value="21"></property>
	</bean>
	<bean id="sbu" class="com.cg.demo.labB.SBU">
	<property name="sbuId" value="501"></property>
	<property name="sbuName" value="PES-BU"></property>
	<property name="sbuHead" value="Kiran"></property>
	</bean>

</beans>
